{
  "SchemaVersion": 2,
  "CreatedAt": "2026-01-11T19:05:49.274216133+02:00",
  "ArtifactName": ".",
  "ArtifactType": "filesystem",
  "Metadata": {
    "ImageConfig": {
      "architecture": "",
      "created": "0001-01-01T00:00:00Z",
      "os": "",
      "rootfs": {
        "type": "",
        "diff_ids": null
      },
      "config": {}
    }
  },
  "Results": [
    {
      "Target": "backend/package-lock.json",
      "Class": "lang-pkgs",
      "Type": "npm"
    },
    {
      "Target": "database/Dockerfile",
      "Class": "config",
      "Type": "dockerfile",
      "MisconfSummary": {
        "Successes": 27,
        "Failures": 0,
        "Exceptions": 0
      }
    }
  ]
}
